SKU,Description,Extended Descriptions,Department,Category,MSRP,Supplier,SupplierCost,Reordernumber,Default Price,Default Cost,Size,Color,Team,Syncode 1 (Product Line),Barcode Number,Manufacturer,Style,League,Series/Sport,Royalty Class,Season,Driver/Player Marks,Car/Player #,Sponsor,Year,Event/Program Marks,Owner,NTP Code,Royalty Code,Brand,Country Origin,Royalty Free,SpecialInstructions,ReplyTo
IT-07975,,,,,,,,,,,,,,,7.70059E+11,,,,,,,,,,,,,,,,,,,jludena@ptpos.com
IT-07976,,,,,,,,,,,,,,,7.70059E+11,,,,,,,,,,,,,,,,,,,
IT-07977,,,,,,,,,,,,,,,7.70059E+11,,,,,,,,,,,,,,,,,,,
IT-07978,,,,,,,,,,,,,,,7.70059E+11,,,,,,,,,,,,,,,,,,,
IT-07979,,,,,,,,,,,,,,,7.70059E+11,,,,,,,,,,,,,,,,,,,
IT-07980,,,,,,,,,,,,,,,7.70059E+11,,,,,,,,,,,,,,,,,,,
IT-07981,,,,,,,,,,,,,,,7.70059E+11,,,,,,,,,,,,,,,,,,,
IT-07982,,,,,,,,,,,,,,,7.70059E+11,,,,,,,,,,,,,,,,,,,
IT-07983,,,,,,,,,,,,,,,7.70059E+11,,,,,,,,,,,,,,,,,,,
